Districts,Districts_code,0 to 19 Age,20 to 44 Age,45 to 64 Age,65 and Above,Total,Mean Age,Median,,,,,,,,,,,,,0 to 19 Age
Adur,E07000223,13360,17955,16433,13434,61182,43,44,,,,,,,,,,,,,25285
Allerdale,E07000026,20887,26978,28524,20033,96422,43.1,45,,,,,,,,,,,,,115369
Amber Valley,E07000032,27298,36961,35271,22779,122309,41.8,43,,,,,,,,,,,,,22821
Arun,E07000224,29701,40183,40306,39328,149518,45.5,47,,,,,,,,,,,,,36256
Ashfield,E07000170,28602,38521,32136,20238,119497,40,41,,,,,,,,,,,,,68489
Ashford,E07000105,30588,36305,31095,19968,117956,39.6,40,,,,,,,,,,,,,31289
Aylesbury Vale,E07000004,44040,55795,48266,26036,174137,39.1,40,,,,,,,,,,,,,47571
Babergh,E07000200,19916,23597,25471,18756,87740,43.1,45,,,,,,,,,,,,,45229
Barking and Dagenham,E09000002,58349,71487,36754,19321,185911,33.4,32,,,,,,,,,,,,,67441
Barnet,E09000003,90464,139202,79288,47432,356386,36.8,35,,,,,,,,,,,,,44765
Barnsley,E08000016,54287,73704,63220,40010,231221,40.4,41,,,,,,,,,,,,,33459
Barrow-in-Furness,E07000027,15873,21036,19223,12955,69087,41.3,42,,,,,,,,,,,,,62653
Basildon,E07000066,43999,57725,44885,27888,174497,39.1,39,,,,,,,,,,,,,42296
Basingstoke and Deane,E07000084,41281,57458,44909,24151,167799,38.7,39,,,,,,,,,,,,,32354
Bassetlaw,E07000171,25846,33585,32491,20941,112863,41.5,43,,,,,,,,,,,,,83400
Bath and North East Somerset,E06000022,40788,58536,44875,31817,176016,40.3,40,,,,,,,,,,,,,74335
Bedford,E06000055,39880,52612,40119,24868,157479,38.9,39,,,,,,,,,,,,,31396
Bexley,E09000004,60043,76019,58723,37212,231997,38.8,39,,,,,,,,,,,,,48667
Birmingham,E08000025,310198,402173,222461,138213,1073045,35.3,32,,,,,,,,,,,,,20887
Blaby,E07000129,22232,28948,25860,16875,93915,40.9,42,,,,,,,,,,,,,15873
Blackburn with Darwen,E06000008,42296,51531,34601,19061,147489,36.2,35,,,,,,,,,,,,,23871
Blackpool,E06000009,32354,43963,38509,27239,142065,41.3,42,,,,,,,,,,,,,15334
Bolsover,E07000033,17395,23995,20692,13784,75866,41,42,,,,,,,,,,,,,10904
Bolton,E08000001,71358,93076,69812,42540,276786,38.4,38,,,,,,,,,,,,,20431
Boston,E07000136,14276,20403,17216,12742,64637,41.5,42,,,,,,,,,,,,,71358
Bournemouth,E06000028,37925,71135,42120,32311,183491,40,38,,,,,,,,,,,,,46249
Bracknell Forest,E06000036,29085,40701,29272,14147,113205,37.4,37,,,,,,,,,,,,,130117
Bradford,E08000032,150285,182928,119847,69392,522452,36.2,34,,,,,,,,,,,,,62306
Braintree,E07000067,35808,46817,40046,24413,147084,40,41,,,,,,,,,,,,,56252
Breckland,E07000143,28888,37990,35475,28138,130491,42.6,44,,,,,,,,,,,,,57338
Brent,E09000005,77625,135184,65730,32676,311215,35,32,,,,,,,,,,,,,66784
Brentwood,E07000068,17063,22082,20407,14049,73601,41.6,43,,,,,,,,,,,,,53910
Brighton and Hove,E06000043,59757,116780,61140,35692,273369,37.4,35,,,,,,,,,,,,,56504
"Bristol, City of",E06000023,101214,180283,90865,55872,428234,36.5,33,,,,,,,,,,,,,75565
Broadland,E07000144,26552,33985,36293,27816,124646,43.9,45,,,,,,,,,,,,,21594
Bromley,E09000006,74680,102138,80537,52037,309392,39.9,40,,,,,,,,,,,,,24383
Bromsgrove,E07000234,21023,26570,26909,19135,93637,42.6,44,,,,,,,,,,,,,15284
Broxbourne,E07000095,23458,31100,23755,15296,93609,39.1,39,,,,,,,,,,,,,20766
Broxtowe,E07000172,23767,35419,30203,20098,109487,41.4,42,,,,,,,,,,,,,32686
Burnley,E07000117,21594,28304,23027,14134,87059,39.4,39,,,,,,,,,,,,,22669
Bury,E08000002,46249,60287,48984,29540,185060,39.2,40,,,,,,,,,,,,,35650
Calderdale,E08000033,50080,65448,55826,32472,203826,39.6,40,,,,,,,,,,,,,13347
Cambridge,E07000008,27020,58924,23322,14601,123867,35.6,31,,,,,,,,,,,,,16593
Camden,E09000007,46183,107359,42819,23977,220338,35.7,33,,,,,,,,,,,,,25046
Cannock Chase,E07000192,23381,32391,26033,15657,97462,39.6,40,,,,,,,,,,,,,26342
Canterbury,E07000106,36722,49522,36456,28445,151145,40,39,,,,,,,,,,,,,22561
Carlisle,E07000028,23871,33794,29962,19897,107524,41.3,42,,,,,,,,,,,,,36756
Castle Point,E07000069,19233,24564,25213,19001,88011,43.2,45,,,,,,,,,,,,,107240
Central Bedfordshire,E06000056,61791,81679,71022,39889,254381,39.6,40,,,,,,,,,,,,,60683
Charnwood,E07000130,39209,57345,42284,27262,166100,39.3,39,,,,,,,,,,,,,40711
Chelmsford,E07000070,39526,55680,45086,28018,168310,40.1,40,,,,,,,,,,,,,75059
Cheltenham,E07000078,25932,42542,27929,19329,115732,39.5,38,,,,,,,,,,,,,72051
Cherwell,E07000177,35111,48141,36917,21699,141868,38.9,39,,,,,,,,,,,,,62692
Cheshire East,E06000049,83400,109682,105673,71372,370127,42,43,,,,,,,,,,,,,38506
Cheshire West and Chester,E06000050,74335,102365,91808,61100,329608,41.3,42,,,,,,,,,,,,,39364
Chesterfield,E07000034,23367,32401,28729,19291,103788,41.4,42,,,,,,,,,,,,,43834
Chichester,E07000225,23891,30173,31836,27894,113794,44.5,46,,,,,,,,,,,,,11767
Chiltern,E07000005,23231,24523,26913,17968,92635,41.6,44,,,,,,,,,,,,,19179
Chorley,E07000118,24383,34670,30140,17962,107155,40.5,41,,,,,,,,,,,,,36206
Christchurch,E07000048,9431,11419,12715,14187,47752,47.1,49,,,,,,,,,,,,,12198
City of London,E09000001,784,3546,2010,1035,7375,41.4,39,,,,,,,,,,,,,11069
Colchester,E07000071,41367,61453,42946,27308,173074,38.9,38,,,,,,,,,,,,,22646
Copeland,E07000029,15334,20911,21004,13354,70603,42.1,44,,,,,,,,,,,,,19293
Corby,E07000150,15683,21613,15647,8312,61255,37.5,37,,,,,,,,,,,,,54287
Cornwall,E06000052,115211,148328,153493,115241,532273,43.3,45,,,,,,,,,,,,,72636
Cotswold,E07000079,17602,21882,24908,18489,82881,44.2,46,,,,,,,,,,,,,62264
County Durham,E06000047,115369,161933,143595,92345,513242,41,42,,,,,,,,,,,,,136816
Coventry,E08000026,82951,119032,68727,46250,316960,36.8,34,,,,,,,,,,,,,150285
Craven,E07000163,11767,14079,16953,12610,55409,44.5,47,,,,,,,,,,,,,50080
Crawley,E07000226,27020,41232,24877,13468,106597,36.8,35,,,,,,,,,,,,,108082
Croydon,E09000008,97764,133722,87517,44375,363378,36.4,35,,,,,,,,,,,,,181427
Dacorum,E07000096,35703,47531,38730,22883,144847,39.4,40,,,,,,,,,,,,,75981
Darlington,E06000005,25285,33595,28245,18439,105564,40.2,41,,,,,,,,,,,,,64311
Dartford,E07000107,24671,35121,23621,13952,97365,37.8,37,,,,,,,,,,,,,89729
Daventry,E07000151,18624,22862,23180,13177,77843,40.9,43,,,,,,,,,,,,,79307
Derby,E06000015,64311,89578,57194,37669,248752,37.6,36,,,,,,,,,,,,,8951
Derbyshire Dales,E07000035,14961,17754,22574,15827,71116,44.5,47,,,,,,,,,,,,,27298
Doncaster,E08000017,72636,97914,80711,51141,302402,39.8,40,,,,,,,,,,,,,17395
Dover,E07000108,25800,31670,31687,22517,111674,42.1,44,,,,,,,,,,,,,23367
Dudley,E08000027,75203,98758,80767,58197,312925,40.5,41,,,,,,,,,,,,,14961
Ealing,E09000009,83527,145996,72699,36227,338449,35.4,33,,,,,,,,,,,,,25678
East Cambridgeshire,E07000009,19888,27276,22347,14307,83818,40.2,40,,,,,,,,,,,,,21094
East Devon,E07000040,26254,31271,37586,37346,132457,46.9,49,,,,,,,,,,,,,21034
East Dorset,E07000049,17332,19800,25715,24319,87166,46.9,49,,,,,,,,,,,,,23289
East Hampshire,E07000085,27357,31748,34200,22303,115608,42,44,,,,,,,,,,,,,22232
East Hertfordshire,E07000242,34290,44190,37954,21253,137687,39.5,40,,,,,,,,,,,,,39209
East Lindsey,E07000137,26909,33082,40971,35439,136401,45.8,49,,,,,,,,,,,,,20363
East Northamptonshire,E07000152,21630,26179,24351,14605,86765,40.4,42,,,,,,,,,,,,,23295
East Riding of Yorkshire,E06000011,72051,91197,99476,71455,334179,43.5,45,,,,,,,,,,,,,11488
East Staffordshire,E07000193,27436,36773,30243,19131,113583,39.8,40,,,,,,,,,,,,,21951
Eastbourne,E07000061,21825,30351,24933,22303,99412,42.8,43,,,,,,,,,,,,,14061
Eastleigh,E07000086,29646,40408,34314,20831,125199,40.1,41,,,,,,,,,,,,,14276
Eden,E07000030,10904,13981,16150,11529,52564,44.1,46,,,,,,,,,,,,,26909
Elmbridge,E07000207,33467,40752,35138,21518,130875,39.8,40,,,,,,,,,,,,,22071
Enfield,E09000010,86259,116868,70506,38833,312466,35.9,34,,,,,,,,,,,,,23957
Epping Forest,E07000072,28816,38829,34464,22550,124659,41.1,42,,,,,,,,,,,,,18693
Epsom and Ewell,E07000208,18464,24046,20017,12575,75102,40,40,,,,,,,,,,,,,30991
Erewash,E07000036,25678,35997,30410,19996,112081,40.8,41,,,,,,,,,,,,,19934
Exeter,E07000041,27007,46184,26313,18269,117773,38.1,35,,,,,,,,,,,,,15683
Fareham,E07000087,24755,32210,31840,22776,111581,42.6,44,,,,,,,,,,,,,18624
Fenland,E07000010,21195,28800,25948,19319,95262,42.1,43,,,,,,,,,,,,,21630
Folkestone and Hythe,E07000112,24492,31323,29739,22415,107969,42.4,43,,,,,,,,,,,,,22998
Forest Heath,E07000201,13398,22702,13954,9694,59748,38.8,37,,,,,,,,,,,,,53840
Forest of Dean,E07000080,18471,22138,24366,16986,81961,43,45,,,,,,,,,,,,,20457
Fylde,E07000119,15284,19962,22168,18343,75757,44.9,47,,,,,,,,,,,,,18504
Gateshead,E08000037,45229,66629,53111,35245,200214,40.5,40,,,,,,,,,,,,,28602
Gedling,E07000173,25821,34817,31889,21016,113543,41.4,42,,,,,,,,,,,,,25846
Gloucester,E07000081,30529,42735,30359,18065,121688,38.2,38,,,,,,,,,,,,,23767
Gosport,E07000088,20196,26710,21610,14106,82622,39.8,40,,,,,,,,,,,,,25821
Gravesham,E07000109,26174,33793,25463,16290,101720,38.7,39,,,,,,,,,,,,,24258
Great Yarmouth,E07000145,22283,28346,26277,20371,97277,42.1,43,,,,,,,,,,,,,26460
Greenwich,E09000011,68315,107685,52441,26116,254557,34.6,33,,,,,,,,,,,,,25856
Guildford,E07000209,32048,49317,34425,21393,137183,39,38,,,,,,,,,,,,,39938
Hackney,E09000012,61797,124328,42750,17395,246270,32.4,30,,,,,,,,,,,,,68196
Halton,E06000006,31396,41169,34700,18481,125746,38.9,39,,,,,,,,,,,,,61576
Hambleton,E07000164,19179,23871,26849,19241,89140,43.5,46,,,,,,,,,,,,,43441
Hammersmith and Fulham,E09000013,35996,96159,33925,16413,182493,34.7,32,,,,,,,,,,,,,23381
Harborough,E07000131,20363,24228,25200,15591,85382,41.6,43,,,,,,,,,,,,,27436
Haringey,E09000014,63374,118255,50928,22369,254926,34.2,32,,,,,,,,,,,,,22307
Harlow,E07000073,20910,28527,20202,12305,81944,38.2,37,,,,,,,,,,,,,28188
Harrogate,E07000165,36206,46108,44661,30894,157869,42,43,,,,,,,,,,,,,22979
Harrow,E09000015,60031,88769,56589,33667,239056,37.6,36,,,,,,,,,,,,,28643
Hart,E07000089,22380,28431,25204,15018,91033,40,41,,,,,,,,,,,,,20480
Hartlepool,E06000001,22821,28446,25163,15598,92028,39.8,40,,,,,,,,,,,,,19184
Hastings,E07000062,21418,29067,24368,15401,90254,40.2,41,,,,,,,,,,,,,13882
Havant,E07000090,27912,34243,33104,25425,120684,42.3,44,,,,,,,,,,,,,30247
Havering,E09000016,56614,75927,62414,42277,237232,40.4,40,,,,,,,,,,,,,24240
"Herefordshire, County of",E06000019,39938,51961,52562,39016,183477,43,44,,,,,,,,,,,,,25727
Hertsmere,E07000098,25005,32651,26047,16328,100031,39.4,39,,,,,,,,,,,,,30200
High Peak,E07000037,21094,27293,26836,15669,90892,41.1,43,,,,,,,,,,,,,310198
Hillingdon,E09000017,72529,104010,62219,35178,273936,36.4,35,,,,,,,,,,,,,82951
Hinckley and Bosworth,E07000132,23295,31968,30482,19333,105078,41.7,43,,,,,,,,,,,,,75203
Horsham,E07000227,30747,36760,38224,25570,131301,42.1,44,,,,,,,,,,,,,82416
Hounslow,E09000018,63246,109596,54256,26859,253957,35.2,33,,,,,,,,,,,,,49783
Huntingdonshire,E07000011,40481,54654,47073,27300,169508,39.9,41,,,,,,,,,,,,,70277
Hyndburn,E07000120,20766,26657,20502,12809,80734,38.7,39,,,,,,,,,,,,,62952
Ipswich,E07000202,33068,48951,31535,19830,133384,38,36,,,,,,,,,,,,,21023
Isle of Wight,E06000046,29112,36674,39525,32954,138265,44.4,46,,,,,,,,,,,,,16206
Isles of Scilly,E06000053,380,673,644,506,2203,44.7,46,,,,,,,,,,,,,20587
Islington,E09000019,41790,107630,38669,18036,206125,34.5,31,,,,,,,,,,,,,23951
Kensington and Chelsea,E09000020,29720,73101,36713,19115,158649,37.8,36,,,,,,,,,,,,,25162
Kettering,E07000153,22998,30910,24573,14994,93475,39.5,40,,,,,,,,,,,,,21177
King's Lynn and West Norfolk,E07000146,31316,41924,40370,33841,147451,43.5,45,,,,,,,,,,,,,39880
"Kingston upon Hull, City of",E06000010,62692,96422,61561,35731,256406,37.5,36,,,,,,,,,,,,,61791
Kingston upon Thames,E09000021,38335,64783,36584,20358,160060,37,35,,,,,,,,,,,,,57585
Kirklees,E08000034,108082,143194,107032,64150,422458,38.4,38,,,,,,,,,,,,,48175
Knowsley,E08000011,36756,46444,39679,23014,145893,39.1,40,,,,,,,,,,,,,41089
Lambeth,E09000022,65889,157128,56882,23187,303086,33.7,31,,,,,,,,,,,,,42038
Lancaster,E07000121,32686,45454,34870,25365,138375,40.2,40,,,,,,,,,,,,,27020
Leeds,E08000035,181427,287496,172964,109598,751485,37.6,35,,,,,,,,,,,,,19888
Leicester,E06000016,89729,133144,69750,37216,329839,34.8,31,,,,,,,,,,,,,21195
Lewes,E07000063,21411,26182,27755,22154,97502,43.7,45,,,,,,,,,,,,,40481
Lewisham,E09000023,70064,122143,57543,26135,275885,34.6,33,,,,,,,,,,,,,36201
Lichfield,E07000194,22307,29495,28598,20254,100654,42.2,44,,,,,,,,,,,,,43999
Lincoln,E07000138,22071,36959,21185,13326,93541,37.4,34,,,,,,,,,,,,,35808
Liverpool,E08000012,107240,182617,111092,65466,466415,37.7,35,,,,,,,,,,,,,17063
Luton,E06000032,57585,79359,42376,23881,203201,34.8,32,,,,,,,,,,,,,19233
Maidstone,E07000110,37052,49978,41599,26514,155143,40.1,41,,,,,,,,,,,,,39526
Maldon,E07000074,13576,16793,18886,12374,61629,43,45,,,,,,,,,,,,,41367
Malvern Hills,E07000235,16206,18010,22434,17981,74631,44.9,47,,,,,,,,,,,,,28816
Manchester,E08000003,130117,235033,90433,47544,503127,33.2,29,,,,,,,,,,,,,20910
Mansfield,E07000174,24258,33822,28440,17946,104466,40.2,41,,,,,,,,,,,,,13576
Medway,E06000035,68987,90943,66990,37005,263925,37.7,37,,,,,,,,,,,,,19008
Melton,E07000133,11488,14692,14939,9257,50376,41.7,43,,,,,,,,,,,,,28896
Mendip,E07000187,26406,30024,31571,21278,109279,41.9,43,,,,,,,,,,,,,19967
Merton,E09000024,47120,85992,43459,23122,199693,36.3,34,,,,,,,,,,,,,23458
Mid Devon,E07000042,18110,21411,22364,15865,77750,42.3,44,,,,,,,,,,,,,35703
Mid Suffolk,E07000203,22172,26724,28364,19471,96731,42.4,44,,,,,,,,,,,,,34290
Mid Sussex,E07000228,33498,42500,38555,25307,139860,41,42,,,,,,,,,,,,,25005
Middlesbrough,E06000002,36256,46869,34596,20691,138412,37.8,37,,,,,,,,,,,,,30467
Milton Keynes,E06000042,66901,93200,61209,27511,248821,36.1,35,,,,,,,,,,,,,36276
Mole Valley,E07000210,19696,23413,24592,17674,85375,42.7,44,,,,,,,,,,,,,21568
New Forest,E07000091,36495,44875,50950,44142,176462,45.2,47,,,,,,,,,,,,,21654
Newark and Sherwood,E07000175,26460,33890,32682,21785,114817,41.6,43,,,,,,,,,,,,,22766
Newcastle upon Tyne,E08000021,67441,110932,63085,38719,280177,36.9,33,,,,,,,,,,,,,27120
Newcastle-under-Lyme,E07000195,28188,39751,33424,22508,123871,40.8,41,,,,,,,,,,,,,28888
Newham,E09000025,86216,149625,51550,20593,307984,31.3,29,,,,,,,,,,,,,26552
North Devon,E07000043,20676,25578,26605,20808,93667,43.3,45,,,,,,,,,,,,,22283
North Dorset,E07000050,15931,18708,19145,14799,68583,42.8,44,,,,,,,,,,,,,31316
North East Derbyshire,E07000038,21034,27846,29225,20918,99023,43.3,45,,,,,,,,,,,,,18785
North East Lincolnshire,E06000012,38506,50310,42513,28287,159616,40.2,41,,,,,,,,,,,,,29339
North Hertfordshire,E07000099,30467,41225,33711,21711,127114,40.2,40,,,,,,,,,,,,,28015
North Kesteven,E07000139,23957,30851,30466,22492,107766,42.7,44,,,,,,,,,,,,,19916
North Lincolnshire,E06000013,39364,51158,46885,30039,167446,40.8,42,,,,,,,,,,,,,13398
North Norfolk,E07000147,18785,23417,30100,29197,101499,47.5,51,,,,,,,,,,,,,33068
North Somerset,E06000024,45582,58140,56211,42633,202566,42.6,44,,,,,,,,,,,,,22172
North Tyneside,E08000022,44765,64963,55778,35295,200801,40.9,41,,,,,,,,,,,,,25501
North Warwickshire,E07000218,13882,18572,18175,11385,62014,41.7,43,,,,,,,,,,,,,27617
North West Leicestershire,E07000134,21951,28859,26426,16232,93468,40.8,42,,,,,,,,,,,,,25262
Northampton,E07000154,53840,79365,50649,28215,212069,37.1,36,,,,,,,,,,,,,46183
Northumberland,E06000057,68489,88567,95668,63304,316028,42.8,45,,,,,,,,,,,,,784
Norwich,E07000148,29339,56183,27645,19345,132512,37.4,34,,,,,,,,,,,,,61797
Nottingham,E06000018,79307,130517,60304,35552,305680,34.8,30,,,,,,,,,,,,,35996
Nuneaton and Bedworth,E07000219,30247,40831,33252,20922,125252,39.7,40,,,,,,,,,,,,,63374
Oadby and Wigston,E07000135,14061,16516,14706,10887,56170,41,41,,,,,,,,,,,,,41790
Oldham,E08000004,62306,74708,54930,32953,224897,37.4,37,,,,,,,,,,,,,29720
Oxford,E07000178,36683,70990,27593,16640,151906,34.3,29,,,,,,,,,,,,,65889
Pendle,E07000122,22669,29448,22985,14350,89452,38.9,39,,,,,,,,,,,,,70064
Peterborough,E06000031,48175,67863,42715,24878,183631,36.9,35,,,,,,,,,,,,,86216
Plymouth,E06000026,59732,91893,63044,41715,256384,39,38,,,,,,,,,,,,,66364
Poole,E06000029,32577,45747,39163,30158,147645,42.1,42,,,,,,,,,,,,,62106
Portsmouth,E06000044,51462,81276,44906,27412,205056,36.5,34,,,,,,,,,,,,,61168
Preston,E07000123,35650,52928,32378,19246,140202,36.9,35,,,,,,,,,,,,,41005
Purbeck,E07000051,9290,11548,13188,10947,44973,44.9,47,,,,,,,,,,,,,58349
Reading,E06000038,38270,68193,31403,17832,155698,35.3,33,,,,,,,,,,,,,90464
Redbridge,E09000026,77106,106939,61540,33385,278970,35.6,34,,,,,,,,,,,,,60043
Redcar and Cleveland,E06000003,31289,39840,37796,26252,135177,41.5,43,,,,,,,,,,,,,77625
Redditch,E07000236,20587,29138,22605,11884,84214,38.6,38,,,,,,,,,,,,,74680
Reigate and Banstead,E07000211,33138,45609,36355,22733,137835,39.9,40,,,,,,,,,,,,,97764
Ribble Valley,E07000124,13347,15272,16982,11531,57132,42.5,44,,,,,,,,,,,,,83527
Richmond upon Thames,E09000027,44057,71087,46550,25296,186990,38.3,38,,,,,,,,,,,,,86259
Richmondshire,E07000166,12198,17088,13603,9076,51965,40,40,,,,,,,,,,,,,68315
Rochdale,E08000005,56252,71030,53601,30816,211699,37.9,38,,,,,,,,,,,,,60031
Rochford,E07000075,19008,23940,23660,16679,83287,42.3,44,,,,,,,,,,,,,56614
Rossendale,E07000125,16593,21764,19084,10541,67982,39.6,40,,,,,,,,,,,,,72529
Rother,E07000064,18252,20035,26538,25763,90588,47.2,50,,,,,,,,,,,,,63246
Rotherham,E08000018,62264,80523,69651,44842,257280,40.2,41,,,,,,,,,,,,,38335
Rugby,E07000220,24240,32391,26110,17334,100075,40,40,,,,,,,,,,,,,47120
Runnymede,E07000212,18478,28237,20327,13468,80510,39.7,39,,,,,,,,,,,,,77106
Rushcliffe,E07000176,25856,33672,31178,20423,111129,41.2,42,,,,,,,,,,,,,44057
Rushmoor,E07000092,23771,36543,22049,11444,93807,36.6,36,,,,,,,,,,,,,47005
Rutland,E06000017,8951,10333,10236,7849,37369,42.4,43,,,,,,,,,,,,,67303
Ryedale,E07000167,11069,12771,15859,12052,51751,44.6,47,,,,,,,,,,,,,29085
Salford,E08000006,57338,89327,54062,33206,233933,37.4,35,,,,,,,,,,,,,59757
Sandwell,E08000028,82416,108692,70114,46841,308063,37.4,36,,,,,,,,,,,,,29112
Scarborough,E07000168,22646,28926,31901,25320,108793,44.2,46,,,,,,,,,,,,,68987
Sedgemoor,E07000188,26259,31887,32977,23465,114588,42.4,44,,,,,,,,,,,,,66901
Sefton,E08000014,60683,78436,77660,57011,273790,42.5,44,,,,,,,,,,,,,51462
Selby,E07000169,19293,25388,24762,14006,83449,40.9,42,,,,,,,,,,,,,38270
Sevenoaks,E07000111,27879,32843,32504,21667,114893,41.4,43,,,,,,,,,,,,,40379
Sheffield,E08000019,136816,205206,124978,85698,552698,37.9,36,,,,,,,,,,,,,56751
Shropshire,E06000051,68196,87596,87038,63299,306129,42.6,44,,,,,,,,,,,,,38629
Slough,E06000039,40379,58827,28175,12824,140205,33.5,32,,,,,,,,,,,,,35155
Solihull,E08000029,49783,60447,56848,39596,206674,41.3,42,,,,,,,,,,,,,38809
South Bucks,E07000006,15735,19251,18930,12951,66867,41.8,43,,,,,,,,,,,,,44040
South Cambridgeshire,E07000012,36201,47188,40664,24702,148755,40.1,41,,,,,,,,,,,,,23231
South Derbyshire,E07000039,23289,30779,25916,14627,94611,39.5,40,,,,,,,,,,,,,15735
South Gloucestershire,E06000025,63990,85038,69330,44409,262767,39.8,40,,,,,,,,,,,,,43485
South Hams,E07000044,16928,19849,26609,19754,83140,45.3,48,,,,,,,,,,,,,21825
South Holland,E07000140,18693,25349,24565,19663,88270,43.4,45,,,,,,,,,,,,,21418
South Kesteven,E07000141,30991,38703,38534,25560,133788,41.8,43,,,,,,,,,,,,,21411
South Lakeland,E07000031,20431,26572,31534,25121,103658,45.4,48,,,,,,,,,,,,,18252
South Norfolk,E07000149,28015,33936,35538,26523,124012,43,45,,,,,,,,,,,,,33439
South Northamptonshire,E07000155,20457,24616,25717,14399,85189,41.1,43,,,,,,,,,,,,,41281
South Oxfordshire,E07000179,32007,40949,36921,24380,134257,40.9,42,,,,,,,,,,,,,27357
South Ribble,E07000126,25046,34494,30105,19412,109057,40.8,42,,,,,,,,,,,,,29646
South Somerset,E07000189,36172,44944,45302,34825,161243,42.9,44,,,,,,,,,,,,,24755
South Staffordshire,E07000196,22979,30304,32343,22505,108131,43.2,45,,,,,,,,,,,,,20196
South Tyneside,E08000023,33459,45784,42031,26853,148127,41.2,42,,,,,,,,,,,,,22380
Southampton,E06000045,56751,100057,49298,30776,236882,36.1,32,,,,,,,,,,,,,27912
Southend-on-Sea,E06000033,41089,58043,43728,30798,173658,40.2,40,,,,,,,,,,,,,36495
Southwark,E09000028,66364,143243,56347,22329,288283,33.7,32,,,,,,,,,,,,,23771
Spelthorne,E07000213,21753,31819,25346,16680,95598,40.4,41,,,,,,,,,,,,,27505
St Albans,E07000240,36276,46582,36030,21776,140664,38.9,39,,,,,,,,,,,,,28164
St Edmundsbury,E07000204,25501,35480,29037,20990,111008,41,41,,,,,,,,,,,,,30588
St. Helens,E08000013,40711,55160,48037,31400,175308,40.7,41,,,,,,,,,,,,,36722
Stafford,E07000197,28643,40490,36462,25274,130869,41.8,43,,,,,,,,,,,,,24671
Staffordshire Moorlands,E07000198,20480,27298,28947,20381,97106,43.4,45,,,,,,,,,,,,,25800
Stevenage,E07000243,21568,29310,21207,11872,83957,37.8,37,,,,,,,,,,,,,26174
Stockport,E08000007,66784,88149,77315,51027,283275,40.8,41,,,,,,,,,,,,,37052
Stockton-on-Tees,E06000004,47571,62788,51300,29951,191610,39.1,39,,,,,,,,,,,,,27879
Stoke-on-Trent,E06000021,61576,86997,61617,38818,249008,38.5,38,,,,,,,,,,,,,24492
Stratford-on-Avon,E07000221,25727,32336,35842,26580,120485,43.8,46,,,,,,,,,,,,,34209
Stroud,E07000082,25955,31603,33244,21977,112779,42.3,44,,,,,,,,,,,,,32497
Suffolk Coastal,E07000205,27617,31376,36500,28805,124298,44.2,46,,,,,,,,,,,,,31362
Sunderland,E08000024,62653,89508,76552,46793,275506,40.4,41,,,,,,,,,,,,,29159
Surrey Heath,E07000214,20877,27094,23768,14405,86144,40.2,41,,,,,,,,,,,,,35111
Sutton,E09000029,47005,68295,47613,27233,190146,38.3,38,,,,,,,,,,,,,36683
Swale,E07000113,34209,42312,36691,22623,135835,39.6,40,,,,,,,,,,,,,32007
Swindon,E06000030,51213,76272,52817,28854,209156,38.1,38,,,,,,,,,,,,,28922
Tameside,E08000008,53910,72946,58267,34201,219324,39.1,39,,,,,,,,,,,,,24175
Tamworth,E07000199,19184,26089,20396,11144,76813,38.6,39,,,,,,,,,,,,,33467
Tandridge,E07000215,19976,24157,23510,15355,82998,41.3,43,,,,,,,,,,,,,18464
Taunton Deane,E07000190,25720,32517,29938,22012,110187,41.8,43,,,,,,,,,,,,,32048
Teignbridge,E07000045,26148,32083,36973,29016,124220,44.6,47,,,,,,,,,,,,,19696
Telford and Wrekin,E06000020,43441,56080,43031,24089,166641,38.1,38,,,,,,,,,,,,,33138
Tendring,E07000076,28896,33547,38332,37273,138048,45.7,48,,,,,,,,,,,,,18478
Test Valley,E07000093,27505,33759,33737,21397,116398,41.4,43,,,,,,,,,,,,,21753
Tewkesbury,E07000083,18099,24091,23244,16509,81943,42.4,44,,,,,,,,,,,,,20877
Thanet,E07000114,32497,37808,35468,28413,134186,41.9,43,,,,,,,,,,,,,19976
Three Rivers,E07000102,21654,27342,23615,14706,87317,40,41,,,,,,,,,,,,,30313
Thurrock,E06000034,42038,57532,38114,20021,157705,36.8,36,,,,,,,,,,,,,24179
Tonbridge and Malling,E07000115,31362,36525,32491,20427,120805,39.8,41,,,,,,,,,,,,,13360
Torbay,E06000027,27628,35534,36943,30854,130959,44.2,46,,,,,,,,,,,,,29701
Torridge,E07000046,13372,16162,19327,14978,63839,44.6,47,,,,,,,,,,,,,23891
Tower Hamlets,E09000030,62106,141220,35200,15570,254096,30.9,29,,,,,,,,,,,,,27020
Trafford,E08000009,56504,74761,59040,36273,226578,39.3,39,,,,,,,,,,,,,30747
Tunbridge Wells,E07000116,29159,36662,30153,19075,115049,39.6,40,,,,,,,,,,,,,33498
Uttlesford,E07000077,19967,22957,22944,13575,79443,40.6,42,,,,,,,,,,,,,23148
Vale of White Horse,E07000180,28922,37063,33242,21761,120988,40.8,41,,,,,,,,,,,,,40788
Wakefield,E08000036,75981,105650,89064,55142,325837,40.2,41,,,,,,,,,,,,,37925
Walsall,E08000030,70277,87787,65444,45815,269323,38.8,39,,,,,,,,,,,,,101214
Waltham Forest,E09000031,67303,112635,52745,25566,258249,34.4,32,,,,,,,,,,,,,115211
Wandsworth,E09000032,61168,164719,54197,26911,306995,34.5,32,,,,,,,,,,,,,380
Warrington,E06000007,48667,66918,54429,32214,202228,39.5,40,,,,,,,,,,,,,45582
Warwick,E07000222,30200,49799,34599,23050,137648,39.7,39,,,,,,,,,,,,,59732
Watford,E07000103,22766,36233,20151,11151,90301,36.5,35,,,,,,,,,,,,,32577
Waveney,E07000206,25262,31328,31171,27493,115254,43.9,45,,,,,,,,,,,,,63990
Waverley,E07000216,30313,34414,33023,23822,121572,41.5,42,,,,,,,,,,,,,51213
Wealden,E07000065,33439,37425,43909,34142,148915,44,46,,,,,,,,,,,,,27628
Wellingborough,E07000156,18504,24391,20127,12334,75356,39.6,40,,,,,,,,,,,,,114045
Welwyn Hatfield,E07000241,27120,40643,25833,16939,110535,38,36,,,,,,,,,,,,,26254
West Berkshire,E06000037,38629,48857,42710,23626,153822,39.4,40,,,,,,,,,,,,,27007
West Devon,E07000047,11242,13376,16545,12390,53553,44.6,47,,,,,,,,,,,,,18110
West Dorset,E07000052,20308,23115,29563,26278,99264,46.2,49,,,,,,,,,,,,,20676
West Lancashire,E07000127,26342,32363,31105,20875,110685,41.2,42,,,,,,,,,,,,,16928
West Lindsey,E07000142,19934,23632,27055,18629,89250,43.1,45,,,,,,,,,,,,,26148
West Oxfordshire,E07000181,24175,32560,28782,19262,104779,41.1,42,,,,,,,,,,,,,13372
West Somerset,E07000191,6264,7909,10422,10080,34675,47.7,51,,,,,,,,,,,,,11242
Westminster,E09000033,41005,109102,44775,24514,219396,36.7,34,,,,,,,,,,,,,9431
Weymouth and Portland,E07000053,14029,18875,18648,13615,65167,42.8,44,,,,,,,,,,,,,17332
Wigan,E08000010,75565,105596,85039,51649,317849,39.6,40,,,,,,,,,,,,,15931
Wiltshire,E06000054,114045,141788,129660,85488,470981,40.8,42,,,,,,,,,,,,,9290
Winchester,E07000094,28164,35162,31490,21779,116595,40.9,42,,,,,,,,,,,,,20308
Windsor and Maidenhead,E06000040,35155,47901,37427,24077,144560,39.8,40,,,,,,,,,,,,,14029
Wirral,E08000015,75059,95000,88758,60966,319783,41.4,42,,,,,,,,,,,,,25932
Woking,E07000217,24179,35366,24810,14843,99198,38.7,38,,,,,,,,,,,,,17602
Wokingham,E06000041,38809,49240,42542,23789,154380,39.4,40,,,,,,,,,,,,,18471
Wolverhampton,E08000031,62952,87334,58555,40629,249470,38.5,37,,,,,,,,,,,,,30529
Worcester,E07000237,23951,35927,24281,14609,98768,38.3,37,,,,,,,,,,,,,25955
Worthing,E07000229,23148,32796,27122,21574,104640,42.2,42,,,,,,,,,,,,,18099
Wychavon,E07000238,25162,31922,34845,25015,116944,43.5,45,,,,,,,,,,,,,26406
Wycombe,E07000007,43485,57409,43554,27196,171644,38.9,39,,,,,,,,,,,,,26259
Wyre,E07000128,22561,27972,30591,26625,107749,44.7,47,,,,,,,,,,,,,36172
Wyre Forest,E07000239,21177,28896,27439,20463,97975,42.7,44,,,,,,,,,,,,,25720
York,E06000014,43834,72723,48079,33415,198051,39.5,38,,,,,,,,,,,,,6264
,,,,,,,,,,,,,,,,,,,,,14939
,,,,,,,,,,,,,,,,,,,,,27955
,,,,,,,,,,,,,,,,,,,,,24365
,,,,,,,,,,,,,,,,,,,,,21766
,,,,,,,,,,,,,,,,,,,,,36216
,,,,,,,,,,,,,,,,,,,,,32225
,,,,,,,,,,,,,,,,,,,,,29136
,,,,,,,,,,,,,,,,,,,,,17092
,,,,,,,,,,,,,,,,,,,,,28006
,,,,,,,,,,,,,,,,,,,,,41994
,,,,,,,,,,,,,,,,,,,,,54812
,,,,,,,,,,,,,,,,,,,,,31455
,,,,,,,,,,,,,,,,,,,,,32072
,,,,,,,,,,,,,,,,,,,,,30305
,,,,,,,,,,,,,,,,,,,,,84866
,,,,,,,,,,,,,,,,,,,,,56356
,,,,,,,,,,,,,,,,,,,,,14049
,,,,,,,,,,,,,,,,,,,,,44052
,,,,,,,,,,,,,,,,,,,,,16271
,,,,,,,,,,,,,,,,,,,,,22112
,,,,,,,,,,,,,,,,,,,,,20821
,,,,,,,,,,,,,,,,,,,,,37383