Districts,Districts_Code,Total _Covid _Deaths,0 to 19 Age,20 to 44 Age,45 to 64 Age,65 and Above,Good Health, Fair health,Bad Health,Whites,Asians,Africans,Others_Ethinic Groups,No_qual,Level_1,Level_2,Level_3,Level_4,Others
Adur,E07000223,87,13360,17955,16433,13434,48480,9181,3521,58542,1058,313,1148,12936,8063,8324,5655,11122,4479
Allerdale,E07000026,259,20887,26978,28524,20033,76184,14210,6028,95371,477,73,487,21636,10960,12969,9236,18254,7100
Amber Valley,E07000032,306,27298,36961,35271,22779,96621,18336,7352,119979,929,253,1104,27220,13986,15627,12086,23346,8576
Arun,E07000224,320,29701,40183,40306,39328,117749,23299,8470,144956,2116,538,1746,31364,17871,21159,14610,28732,12428
Ashfield,E07000170,378,28602,38521,32136,20238,91453,19484,8560,116690,1099,472,1193,30345,15846,15901,11626,14595,8385
Ashford,E07000105,347,30588,36305,31095,19968,97513,15027,5416,109989,3991,1375,2070,19777,14578,16639,11229,23007,8181
Aylesbury Vale,E07000004,356,44040,55795,48266,26036,149045,19073,6019,155945,10105,3323,4630,24059,19099,22857,16894,44291,11367
Babergh,E07000200,204,19916,23597,25471,18756,72308,11624,3808,85794,666,264,965,16367,10385,12560,8337,18539,5633
Barking and Dagenham,E09000002,513,58349,71487,36754,19321,150539,24042,11330,108204,29594,37140,10791,38396,20904,20617,12759,28715,16222
Barnet,E09000003,867,90464,139202,79288,47432,300961,39172,16253,228402,65918,27431,34484,43833,27240,34028,28742,113815,34494
Barnsley,E08000016,717,54287,73704,63220,40010,173843,37956,19422,226122,1661,1221,2054,60890,26913,30550,21342,32724,15916
Barrow-in-Furness,E07000027,165,15873,21036,19223,12955,52403,10898,5786,67901,633,70,444,14422,7710,8912,7791,10785,7176
Basildon,E07000066,555,43999,57725,44885,27888,141695,23145,9657,160804,4766,4685,3369,37084,25629,24568,14961,25939,11017
Basingstoke and Deane,E07000084,287,41281,57458,44909,24151,143951,18047,5801,155725,6715,1909,3287,23226,19647,21918,16902,40793,11461
Bassetlaw,E07000171,214,25846,33585,32491,20941,87464,17794,7605,109798,1255,520,1196,26393,13513,15245,10453,18761,8337
Bath and North East Somerset,E06000022,265,40788,58536,44875,31817,147731,20856,7429,166415,4577,1326,3640,25140,16175,20828,24095,48910,11291
Bedford,E06000055,479,39880,52612,40119,24868,130523,19812,7144,126731,17932,6202,6499,25645,17313,19129,14882,35417,13485
Bexley,E09000004,579,60043,76019,58723,37212,191769,29015,11213,189338,15243,19624,7168,42366,31049,32694,21334,40146,16842
Birmingham,E08000025,2716,310198,402173,222461,138213,852472,148782,71791,621228,285640,96360,69409,233835,110158,113967,107913,190335,72155
Blaby,E07000129,208,22232,28948,25860,16875,78246,11764,3905,85350,5718,900,1846,16964,11097,12257,9378,18988,7650
Blackburn with Darwen,E06000008,416,42296,51531,34601,19061,116001,20725,10763,101848,41494,933,3053,32485,16211,17221,12923,22416,11866
Blackpool,E06000009,382,32354,43963,38509,27239,104622,23977,13466,137102,2282,346,2098,36559,18129,19993,13546,18098,10374
Bolsover,E07000033,222,17395,23995,20692,13784,56357,12965,6544,74386,612,267,535,20455,9520,10195,7064,9853,5105
Bolton,E08000001,680,71358,93076,69812,42540,219313,39139,18334,226431,38749,4652,6740,57888,31152,34731,26408,48688,20843
Boston,E07000136,157,14276,20403,17216,12742,50523,10252,3862,62529,928,278,839,17421,7705,8126,4954,8060,7009
Bournemouth,E06000028,376,37925,71135,42120,32311,148215,24866,10410,168579,7066,1764,5864,29720,20105,24086,24412,40951,15950
Bracknell Forest,E06000036,157,29085,40701,29272,14147,98134,11394,3677,102436,5664,2189,2798,14639,13755,15191,11389,27197,7572
Bradford,E08000032,1162,150285,182928,119847,69392,420164,71580,30708,351884,140149,9267,20719,110892,56413,59350,45101,87397,40968
Braintree,E07000067,402,35808,46817,40046,24413,122376,18291,6417,141955,1998,913,2086,26958,19524,21412,14154,26212,9838
Breckland,E07000143,295,28888,37990,35475,28138,103760,19565,7166,126912,1040,596,1739,30057,16104,18149,11917,20046,11234
Brent,E09000005,792,77625,135184,65730,32676,257864,36731,16620,112560,105986,58632,33717,47721,25718,26967,24163,82619,41270
Brentwood,E07000068,224,17063,22082,20407,14049,62085,8565,2951,68747,2350,896,1487,11651,8543,10328,6867,18441,4285
Brighton and Hove,E06000043,405,59757,116780,61140,35692,226643,32298,14428,243314,11278,4188,14391,36775,25190,28769,36599,84423,17268
Bristol,E06000023,565,101214,180283,90865,55872,352307,52446,23481,359233,23655,25734,19253,70478,41487,44592,51006,114621,27469
Broadland,E07000144,309,26552,33985,36293,27816,101325,17475,5846,121751,1265,331,1255,23744,15328,18098,12388,24026,10073
Bromley,E09000006,673,74680,102138,80537,52037,260572,36098,12722,260290,16067,18686,13769,44572,33858,40025,28644,82304,19403
Bromsgrove,E07000234,247,21023,26570,26909,19135,77238,11885,4514,89621,1925,444,1572,16413,9875,12191,9056,23551,6021
Broxbourne,E07000095,215,23458,31100,23755,15296,77733,11544,4332,84383,2190,3957,2932,19122,13262,12871,8401,14394,6800
Broxtowe,E07000172,261,23767,35419,30203,20098,88107,15614,5766,101529,4503,933,2513,21031,11721,13547,11046,25678,7915
Burnley,E07000117,290,21594,28304,23027,14134,66658,13682,6719,76044,9578,211,1216,20512,10075,11046,8606,13092,6584
Bury,E08000002,519,46249,60287,48984,29540,148762,25430,10868,164960,13407,1893,4728,33377,20823,25408,18217,37989,12121
Calderdale,E08000033,318,50080,65448,55826,32472,164456,28091,11279,182707,16875,899,3265,38943,22314,26507,20079,40881,14921
Cambridge,E07000008,121,27020,58924,23322,14601,107343,12021,4503,102096,13618,2097,5947,12606,7294,9159,17943,50169,8836
Camden,E09000007,308,46183,107359,42819,23977,185026,22963,12349,145888,35446,18060,20777,23451,12556,14454,22340,93453,18619
Cannock Chase,E07000192,265,23381,32391,26033,15657,76767,14091,6604,95248,982,280,944,22278,12884,14034,10021,13606,6204
Canterbury,E07000106,451,36722,49522,36456,28445,123102,20211,7832,140246,5135,1937,3453,25778,14824,18056,22117,34385,10811
Carlisle,E07000028,319,23871,33794,29962,19897,86087,15030,6407,105284,1248,147,649,22164,13199,14560,11177,19766,8176
Castle Point,E07000069,365,19233,24564,25213,19001,70066,12963,4982,85256,1012,661,1065,21885,13177,12997,7780,10693,6610
Central Bedfordshire,E06000056,581,61791,81679,71022,39889,215379,29202,9800,238244,6402,3614,5643,39644,30583,34714,25869,55793,17999
Charnwood,E07000130,323,39209,57345,42284,27262,138543,20620,6937,145040,16138,1327,3521,28265,16740,19685,23470,36916,12802
Chelmsford,E07000070,414,39526,55680,45086,28018,142906,19261,6143,157771,4962,2051,3314,25844,20510,23744,17085,39452,10368
Cheltenham,E07000078,216,25932,42542,27929,19329,97480,13631,4621,109016,3675,721,2252,15904,10906,13778,13216,34782,7422
Cherwell,E07000177,231,35111,48141,36917,21699,120566,15844,5458,130656,6039,1961,3107,22331,17202,17949,13210,31830,10900
Cheshire East,E06000049,909,83400,109682,105673,71372,304660,47306,18161,357627,6060,1402,4725,59806,36823,48576,37854,97248,24067
Cheshire West and Chester,E06000050,863,74335,102365,91808,61100,268744,42604,18260,320812,4097,908,3578,56940,36010,42655,35042,79712,21114
Chesterfield,E07000034,207,23367,32401,28729,19291,78896,16984,7908,100167,1592,782,1242,23618,12252,14567,10342,17994,6822
Chichester,E07000225,288,23891,30173,31836,27894,93981,14900,4913,110084,1617,518,1337,18566,11035,15164,12149,30820,7427
Chiltern,E07000005,183,23231,24523,26913,17968,80216,9433,2986,84628,5046,524,2316,10864,7858,11150,8143,30179,5485
Chorley,E07000118,226,24383,34670,30140,17962,87008,14222,5925,103776,1710,401,1211,18594,11760,14210,11052,24361,7555
Christchurch,E07000048,99,9431,11419,12715,14187,37319,7681,2752,46543,495,83,583,9421,5509,6718,4556,10132,3953
City of London,E09000001,11,784,3546,2010,1035,6486,643,246,5796,940,193,443,454,291,445,484,4618,463
Colchester,E07000071,351,41367,61453,42946,27308,144799,20925,7350,159227,6355,2575,4838,27440,20294,23629,19572,38412,12080
Copeland,E07000029,170,15334,20911,21004,13354,55267,10516,4820,69476,629,84,399,15800,8335,9178,7289,12307,5704
Corby,E07000150,124,15683,21613,15647,8312,49677,8045,3533,58491,782,1008,946,13439,8405,8330,5393,7254,5816
Cornwall,E06000052,504,115211,148328,153493,115241,419564,79181,33528,522213,3434,762,5229,99237,59206,76782,57917,110518,38672
Cotswold,E07000079,133,17602,21882,24908,18489,69500,10220,3161,80988,794,229,783,12758,8865,10957,8225,23267,5066
County Durham,E06000047,1349,115369,161933,143595,92345,388937,82404,41901,503302,4856,701,3916,116948,57032,67905,57957,91249,34167
Coventry,E08000026,594,82951,119032,68727,46250,255763,42006,19191,233878,51598,17764,13569,60799,33782,35777,36184,58566,28998
Craven,E07000163,124,11767,14079,16953,12610,45533,7387,2489,53910,970,61,414,9356,5418,7263,5655,14663,3806
Crawley,E07000226,200,27020,41232,24877,13468,89030,12856,4711,85103,13825,3469,4123,16995,15257,14427,9555,18214,10101
Croydon,E09000008,913,97764,133722,87517,44375,303218,43473,16687,199961,59627,73256,30300,50081,39285,43299,32498,90321,28784
Dacorum,E07000096,311,35703,47531,38730,22883,122236,16778,5833,131306,6770,2990,3550,21768,17067,18714,13410,35872,9152
Darlington,E06000005,244,25285,33595,28245,18439,84245,15116,6203,101245,2205,357,1407,21179,11445,13568,10883,20244,8038
Dartford,E07000107,285,24671,35121,23621,13952,81214,11837,4314,84826,5799,3578,2918,16334,13410,14036,8930,17053,7579
Daventry,E07000151,136,18624,22862,23180,13177,65163,9398,3282,75069,1183,481,1056,11918,9337,10742,7416,18158,5460
Derby,E06000015,707,64311,89578,57194,37669,198897,35193,14662,199456,31095,7320,10586,47731,26294,28681,25838,47955,21577
Derbyshire Dales,E07000035,167,14961,17754,22574,15827,58170,9718,3228,70102,398,87,514,12773,7088,8870,6572,19816,4180
Doncaster,E08000017,799,72636,97914,80711,51141,234721,45748,21933,287479,7614,2337,4385,74119,37763,41607,26126,41714,23580
Dover,E07000108,339,25800,31670,31687,22517,87910,16745,7019,107732,2031,386,1291,22885,13376,15941,11049,20071,8060
Dudley,E08000027,723,75203,98758,80767,58197,244730,47828,20367,281255,18942,4671,7705,75980,36286,42371,30056,48584,20144
Ealing,E09000009,741,83527,145996,72699,36227,283097,38421,16931,165518,100439,36860,35332,44366,26592,28237,25887,99836,44654
East Cambridgeshire,E07000009,97,19888,27276,22347,14307,70361,10131,3326,80434,1215,506,1424,14127,8844,10556,7700,19583,6671
East Devon,E07000040,181,26254,31271,37586,37346,105720,19960,6777,130257,930,146,1034,23597,14651,19009,12708,32573,9464
East Dorset,E07000050,183,17332,19800,25715,24319,70688,12436,4042,85474,737,106,678,15830,9897,12047,8505,20364,6914
East Hampshire,E07000085,196,27357,31748,34200,22303,98443,12885,4280,111368,1859,517,1597,15857,11719,15640,11986,31844,6973
East Hertfordshire,E07000242,230,34290,44190,37954,21253,118731,14325,4631,131399,2681,984,2566,18959,14893,18440,13145,36867,7835
East Lindsey,E07000137,319,26909,33082,40971,35439,100278,24915,11208,134253,789,264,1034,37648,16355,18058,12071,20849,10437
East Northamptonshire,E06000011,193,21630,26179,24351,14605,71831,11145,3789,83796,1096,630,1197,15506,10629,12222,8220,16866,6133
East Riding of Yorkshire,E07000193,748,72051,91197,99476,71455,267862,48307,18010,327562,2961,598,2831,65035,36228,45111,33672,72004,26283
East Staffordshire,E07000244,390,27436,36773,30243,19131,92670,15302,5611,102632,7864,1023,1992,22671,13019,14802,10752,21466,9111
Eastbourne,E07000061,316,21825,30351,24933,22303,78011,15251,6150,93442,2795,783,2326,19215,11408,13763,10418,20194,7693
Eastleigh,E07000086,177,29646,40408,34314,20831,105751,14538,4910,118346,3740,605,2317,17907,14410,17461,13524,28326,9854
Eden,E07000030,132,10904,13981,16150,11529,43020,7195,2349,51984,292,22,251,9968,5914,7253,5286,12059,3496
Elmbridge,E07000207,266,33467,40752,35138,21518,114435,12360,4080,117970,7075,1010,4667,13628,10451,14320,11400,45170,8036
Enfield,E09000010,743,86259,116868,70506,38833,255745,39699,17022,190296,34893,53687,33246,55736,31158,33389,25557,69627,26998
Epping Forest,E07000072,383,28816,38829,34464,22550,103490,15435,5734,112693,5922,2404,3464,24360,15839,16544,11261,25769,7935
Epsom and Ewell,E07000208,219,18464,24046,20017,12575,64563,7988,2551,64370,6484,1128,2988,9559,7395,9504,7278,21720,4915
Erewash,E07000036,289,25678,35997,30410,19996,89015,16762,6304,108736,1383,536,1397,23808,14091,15197,11350,19015,8487
Exeter,E07000041,114,27007,46184,26313,18269,98076,14075,5622,109497,4595,667,2921,18156,12467,13998,18000,28291,8154
Fareham,E07000087,264,24755,32210,31840,22776,93454,13638,4489,107874,1667,357,1598,16181,12058,15691,12403,27419,8401
Fenland,E07000010,207,21195,28800,25948,19319,73619,15760,5883,92164,1075,497,1059,24523,12253,13323,8151,11677,8555
Forest Heath,E07000201,64,24492,31323,29739,22415,84576,16465,6928,102051,3699,458,1597,21900,13239,15510,10582,19324,8205
Forest of Dean,E07000080,112,13398,22702,13954,9694,49933,7235,2580,54799,1263,1296,2282,12505,6597,6893,5003,9325,8361
Fylde,E07000119,254,18471,22138,24366,16986,65621,11879,4461,80621,473,199,590,16664,9750,11416,8128,16285,5704
Gateshead,E08000037,446,15284,19962,22168,18343,59406,11619,4732,73829,845,163,905,13497,7638,10560,7826,18982,5254
Gedling,E07000173,290,45229,66629,53111,35245,153127,31158,15929,192655,3738,1081,2653,46192,23592,25601,18611,35409,15311
Gloucester,E07000081,244,25821,34817,31889,21016,91088,16473,5982,105624,3343,1653,2891,21980,12775,14737,11999,23601,8094
Gosport,E07000088,156,30529,42735,30359,18065,99805,15933,5950,108326,5839,3486,3901,21247,15704,16831,12832,21651,9266
Gravesham,E07000109,295,20196,26710,21610,14106,67362,11224,4036,79653,1073,592,1272,14347,10754,12046,8883,14265,6107
Great Yarmouth,E07000145,207,26174,33793,25463,16290,82870,13629,5221,83906,10604,2885,4005,19742,13242,13780,8952,16164,9084
Greenwich,E09000011,480,22283,28346,26277,20371,74236,16130,6911,94152,1204,439,1419,26164,12531,12846,8418,11336,8453
Guildford,E07000209,220,68315,107685,52441,26116,211516,29386,13655,158572,29894,48655,17006,41082,23896,26189,21250,66120,20626
Hackney,E09000012,477,32048,49317,34425,21393,119414,13442,4327,124216,6616,1656,4204,15993,12020,15254,16005,44496,8821
Halton,E06000006,274,61797,124328,42750,17395,204141,26837,15292,134143,25867,56858,28928,38172,17500,19612,18106,81591,20164
Hambleton,E07000164,159,31396,41169,34700,18481,98377,17504,9865,123000,943,260,1502,27126,16975,18702,12618,17792,7606
Hammersmith and Fulham,E09000013,281,19179,23871,26849,19241,74066,11235,3839,87503,600,188,717,14536,8869,11914,9015,23736,5969
Harborough,E07000131,151,35996,96159,33925,16413,156410,17188,8895,124005,16635,21505,20131,19515,10725,12738,16306,75765,17814
Haringey,E09000014,474,20363,24228,25200,15591,72682,9707,2993,81255,2563,327,1176,12461,9158,11275,8340,21982,5818
Harlow,E07000073,188,63374,118255,50928,22369,212052,28444,14430,153973,24150,47830,28603,36163,17685,20563,19456,82727,26262
Harrogate,E07000165,284,20910,28527,20202,12305,66349,11203,4392,72882,3733,3090,2122,16948,12211,11167,7282,11468,5985
Harrow,E09000015,645,36206,46108,44661,30894,133247,18633,5989,151968,2409,1147,2238,22312,15280,21135,15220,44002,11087
Hart,E07000089,150,60031,88769,56589,33667,199800,28329,10927,100810,101808,19708,16549,31997,20852,24447,19870,70218,23614
Hartlepool,E06000001,250,22380,28431,25204,15018,80199,8432,2402,86082,2448,506,1724,9815,9036,11746,9451,27248,5385
Hastings,E07000062,240,22821,28446,25163,15598,69933,14607,7488,89859,1304,170,655,22758,10057,11992,9276,13063,7082
Havant,E07000090,296,21418,29067,24368,15401,69263,14276,6715,84481,2126,1065,2432,18649,11600,12830,8877,15604,5928
Havering,E09000016,844,27912,34243,33104,25425,96749,17188,6747,117098,1427,388,1707,24746,14619,16913,11812,22017,8700
Herefordshire,E06000019,293,56614,75927,62414,42277,193509,31492,12231,207789,11545,11481,6257,50951,32241,33519,21797,37498,16838
Hertsmere,E07000098,318,39938,51961,52562,39016,148368,25517,9592,179806,1439,331,1538,34845,19396,24322,18235,41779,13385
High Peak,E07000037,238,25005,32651,26047,16328,84445,11433,4153,84909,7393,3927,3648,15502,11257,12601,8950,24588,6943
Hillingdon,E09000017,706,21094,27293,26836,15669,74165,12011,4716,88944,711,184,1043,15520,9771,11931,9779,21884,5531
Hinckley and Bosworth,E07000132,207,72529,104010,62219,35178,230274,31492,12170,165687,69253,20082,18570,41548,30336,30853,27094,60854,26358
Horsham,E07000227,225,23295,31968,30482,19333,86265,13974,4839,101283,2246,262,1201,21089,12342,13895,10733,20803,7613
Hounslow,E09000018,569,30747,36760,38224,25570,112087,14580,4634,125828,2585,651,2003,17407,14155,18954,13525,34814,7903
Huntingdonshire,E07000011,250,63246,109596,54256,26859,213506,28552,11899,130322,87257,16813,19382,35084,23767,23364,19798,69955,30456
Hyndburn,E07000120,211,40481,54654,47073,27300,143145,19682,6681,160483,4190,1642,2985,26361,20055,23266,16977,38301,12197
Ipswich,E07000202,319,20766,26657,20502,12809,62369,12225,6140,70681,9007,106,843,17942,8868,10400,8043,12132,6707
Isle of Wight,E06000046,255,33068,48951,31535,19830,108571,18053,6760,118447,5740,3096,5952,27723,17054,17469,12269,22152,10729
Isles of Scilly,E06000053,0,29112,36674,39525,32954,106934,22378,8953,134451,1514,303,1903,28078,16865,19395,14128,26163,10960
Islington,E09000019,325,380,673,644,506,1889,248,66,2177,2,2,22,264,201,309,304,613,166
Kensington and Chelsea,E09000020,251,41790,107630,38669,18036,169768,23113,13244,140352,19034,26294,20282,29448,13943,14552,16904,83276,15177
Kettering,E07000153,198,29720,73101,36713,19115,136953,14464,7232,111898,15861,10333,20438,13549,7730,10583,13460,70731,18214
King's Lynn and West Norfolk,E07000146,389,22998,30910,24573,14994,77011,12039,4425,87590,3023,991,1721,17079,11565,12720,8814,17406,7225
Kingston upon Hull,E06000010,611,31316,41924,40370,33841,115003,23441,9007,143154,1863,561,1618,35909,17770,19850,13464,23455,12191
Kingston upon Thames,E09000021,305,62692,96422,61561,35731,200127,38102,18177,241037,6471,2996,5618,65851,30362,32099,27284,31687,20757
Kirklees,E08000034,869,38335,64783,36584,20358,137930,16425,5705,119124,26152,4021,10668,17400,12665,15792,17482,53782,12669
Knowsley,E08000011,395,108082,143194,107032,64150,340097,58042,24319,334112,67782,7905,12501,85554,44435,50474,42257,80275,33314
Lambeth,E09000022,521,36756,46444,39679,23014,110658,21420,13815,141852,1403,505,2127,40647,17774,18907,13788,18120,7989
Lancaster,E07000121,285,65889,157128,56882,23187,257612,31188,14286,172830,20938,78542,30581,35352,21169,24408,23988,115758,27625
Leeds,E08000035,1535,32686,45454,34870,25365,111408,18960,8007,132011,3732,628,1673,23804,13178,17539,20214,31396,9274
Leicester,E06000016,810,181427,287496,172964,109598,615318,95515,40652,638800,58243,25893,27862,142481,77294,86614,90497,165429,51677
Lewes,E07000063,266,89729,133144,69750,37216,265659,44278,19902,166219,122470,20585,20148,74409,33751,32781,33888,55223,30508
Lewisham,E09000023,549,21411,26182,27755,22154,78353,13900,5249,94062,1400,416,1527,17276,11126,12662,9511,23690,6269
Lichfield,E07000194,281,70064,122143,57543,26135,229278,32289,14318,147478,25534,74942,27723,38763,24225,27248,23694,83127,21692
Lincoln,E07000138,164,22307,29495,28598,20254,82239,13259,5156,97386,1623,481,1151,18622,11388,13304,9779,23604,6360
Liverpool,E08000012,1280,22071,36959,21185,13326,75545,13005,4991,89299,1794,778,1590,17134,10349,12587,14395,16644,7081
Luton,E06000032,509,107240,182617,111092,65466,360109,65422,40884,414486,19403,12308,20033,111532,48659,55019,59067,87126,26912
Maidstone,E07000110,398,57585,79359,42376,23881,167907,25277,10017,110881,60952,19909,11261,36953,22813,22720,17332,34814,21813
Maldon,E07000074,139,37052,49978,41599,26514,129020,19291,6832,145158,4943,1380,2824,25915,18336,22108,15246,32154,11717
Malvern Hills,E07000235,130,13576,16793,18886,12374,50432,8269,2928,60228,484,150,566,11749,8153,8771,5692,12009,4430
Manchester,E08000003,913,16206,18010,22434,17981,60182,10494,3955,72710,902,151,737,12637,6957,9636,7068,21113,4808
Mansfield,E07000174,295,130117,235033,90433,47544,404786,62651,35690,334600,85986,43484,38548,93765,44981,48749,65100,117243,35871
Medway,E06000035,729,24258,33822,28440,17946,79190,16922,8354,101520,1289,398,1257,25944,13414,14087,10376,13978,7649
Melton,E07000133,91,68987,90943,66990,37005,216341,34307,13277,236069,13615,6663,7068,48226,35473,38653,26818,40275,21066
Mendip,E07000187,169,11488,14692,14939,9257,42241,6295,1840,49316,518,95,444,8808,5793,6794,5225,10785,3832
Merton,E09000024,430,26406,30024,31571,21278,89423,14619,5237,106811,929,210,1083,19054,12036,15180,10697,24769,7146
Mid Devon,E07000042,69,47120,85992,43459,23122,170989,21025,7679,129390,36143,20811,13133,24378,15900,18875,15928,66091,19668
Mid Suffolk,E07000203,177,18110,21411,22364,15865,63817,10398,3535,76608,428,94,532,14323,8723,10796,7648,16716,4994
Mid Sussex,E07000228,319,22172,26724,28364,19471,80474,12432,3825,94591,647,371,1046,17621,10963,13279,9820,20864,6360
Middlesbrough,E06000002,365,33498,42500,38555,25307,119972,14938,4950,132876,3761,788,2293,16731,15153,19560,14858,37917,8536
Milton Keynes,E06000042,501,36256,46869,34596,20691,108150,19719,10543,121970,10768,1731,3858,33002,15053,16891,14542,20472,10449
Mole Valley,E07000210,239,66901,93200,61209,27511,211604,26929,10288,199022,22782,17131,9814,34850,30794,32222,22205,54591,18767
New Forest,E07000091,303,19696,23413,24592,17674,72727,9607,3041,81040,2177,399,1631,11111,8129,11198,7896,26396,4850
Newark and Sherwood,E07000175,223,36495,44875,50950,44142,142973,24871,8618,171737,1665,612,2025,31178,19579,24647,17739,40184,14187
Newcastle upon Tyne,E08000021,493,26460,33890,32682,21785,91176,16874,6767,111705,1036,499,1324,23550,13423,15088,11169,22698,8029
Newcastle-under-Lyme,E07000195,350,67441,110932,63085,38719,223029,38018,19130,239370,27107,5160,8377,54885,26240,29055,39659,63073,19291
Newham,E09000025,745,28188,39751,33424,22508,98027,17802,8042,117613,3512,828,1869,27529,13094,16098,14874,23121,8097
North Devon,E07000043,55,86216,149625,51550,20593,255818,34839,17327,88754,133895,60256,24617,49087,27152,26742,23456,71771,39882
North Dorset,E07000050,83,20676,25578,26605,20808,75145,13264,5258,91697,835,158,932,18613,11157,13288,9616,17732,6972
North East Derbyshire,E07000038,272,15931,18708,19145,14799,56928,8808,2847,66882,796,197,613,11219,7989,10020,7058,15137,4807
North East Lincolnshire,E06000012,252,21034,27846,29225,20918,76461,15734,6828,97014,795,236,908,22277,11752,13731,9838,18340,6761
North Hertfordshire,E07000099,298,38506,50310,42513,28287,126177,23779,9660,155395,2129,411,1655,38209,20816,23003,13998,20970,12381
North Kesteven,E07000139,195,30467,41225,33711,21711,107161,14965,4988,113722,6821,2491,4047,18416,13480,15758,11632,35242,7860
North Lincolnshire,E06000013,278,23957,30851,30466,22492,87397,14941,5428,105761,750,251,930,19289,12232,15306,11685,22559,7629
North Norfolk,E07000147,185,39364,51158,46885,30039,133117,24667,9662,160658,4549,494,1655,35633,21498,22796,15917,26583,13678
North Somerset,E06000024,333,18785,23417,30100,29197,77840,17412,6247,100081,531,157,684,23838,12236,14106,9137,19326,8187
North Tyneside,E08000022,431,45582,58140,56211,42633,164238,27670,10658,196900,2436,632,2422,32539,22752,28542,21012,47041,14028
North Warwickshire,E07000218,150,44765,64963,55778,35295,156986,30156,13659,193996,3815,734,2227,39157,23183,26536,19623,41734,14855
North West Leicestershire,E07000134,211,13882,18572,18175,11385,49583,8725,3706,60664,580,172,553,14253,7800,8551,6079,10096,4270
Northampton,E06000061,531,21951,28859,26426,16232,75679,12978,4811,91110,1074,205,1002,19691,9988,11639,9411,18402,6660
Northumberland,E06000057,700,53840,79365,50649,28215,175698,26530,9841,179089,13751,10741,8339,38113,25243,26773,20905,40021,18001
Norwich,E07000148,200,68489,88567,95668,63304,247448,48580,20000,310910,2658,338,1966,62584,35791,43363,31650,67024,21750
Nottingham,E06000018,636,29339,56183,27645,19345,106393,18620,7499,120248,5844,2147,4146,25073,14129,15342,16885,30722,8654
Nuneaton and Bedworth,E07000219,274,79307,130517,60304,35552,244370,41581,19729,218372,40039,22185,24758,63991,30619,32333,46411,54875,21875
Oadby and Wigston,E07000135,161,30247,40831,33252,20922,99341,18133,7778,114317,7880,1047,1933,28384,15829,16561,11760,18801,9909
Oldham,E08000004,628,14061,16516,14706,10887,45951,7524,2695,41002,12520,671,1968,10461,6144,7008,6796,11476,4474
Oxford,E07000178,175,62306,74708,54930,32953,176513,32778,15606,174264,43165,2797,4609,51620,25521,27578,20422,32458,16839
Pendle,E07000122,260,36683,70990,27593,16640,132105,14320,5481,117865,18827,7028,8094,17287,10519,11341,22581,53977,11020
Peterborough,E06000031,316,22669,29448,22985,14350,69791,13431,6230,71411,16807,126,1082,20031,9477,10758,8914,14392,7556
Plymouth,E06000026,207,48175,67863,42715,24878,149768,24362,9501,150984,21492,4164,6431,36158,22288,23338,15589,29245,17877
Poole,E06000029,395,59732,91893,63044,41715,203932,35756,16696,246356,3906,1678,4291,47073,28541,35452,35009,45379,20048
Portsmouth,E06000044,355,32577,45747,39163,30158,120175,19849,7621,141309,3276,520,2326,26108,17573,20298,15229,31143,11635
Preston,E07000123,311,51462,81276,44906,27412,169238,25464,10354,181097,12474,3777,7623,35405,21980,25073,30068,39630,15100
Purbeck,E07000051,68,35650,52928,32378,19246,113116,18585,8501,112304,21732,1676,4379,26601,14311,16410,17171,27930,10999
Reading,E06000038,267,9290,11548,13188,10947,36379,6340,2254,44251,231,48,354,8122,5401,6328,4559,9687,3581
Redbridge,E09000026,816,38270,68193,31403,17832,133082,16770,5846,116297,21161,10470,7680,21834,15328,15407,16875,43690,12448
Redcar and Cleveland,E06000003,315,77106,106939,61540,33385,231825,33470,13675,118506,116503,24845,18976,39877,26437,28374,22208,73299,25917
Redditch,E07000236,172,31289,39840,37796,26252,103129,21449,10599,133118,869,122,983,31550,14947,18225,14572,21013,10704
Reigate and Banstead,E07000211,399,20587,29138,22605,11884,68745,10913,4556,77488,4029,862,1826,16996,10683,11508,8111,14007,6351
Ribble Valley,E07000124,145,33138,45609,36355,22733,117960,14866,5009,124700,6992,2166,3798,18363,14587,18345,13294,37602,8534
Richmond upon Thames,E09000027,295,13347,15272,16982,11531,47791,7049,2292,55898,729,92,407,8533,5175,7126,5841,15817,4060
Richmondshire,E07000166,82,44057,71087,46550,25296,164305,16662,6023,160630,13607,2816,9842,15915,11075,15916,15920,79584,11642
Rochdale,E08000005,600,12198,17088,13603,9076,44061,5988,1916,49537,1247,496,666,7925,6419,7681,5269,11513,3891
Rochford,E07000075,268,56252,71030,53601,30816,164391,31303,16005,172688,31630,2770,4425,47906,24521,27351,19597,32371,15170
Rossendale,E07000125,166,19008,23940,23660,16679,68859,10832,3596,80888,881,433,1036,16134,12132,12531,8158,13659,5657
Rother,E07000064,349,16593,21764,19084,10541,53946,9603,4433,63731,3396,123,685,13130,7504,9068,7146,13776,4187
Rotherham,E08000018,745,18252,20035,26538,25763,69889,14960,5739,87817,1103,305,1229,18858,10542,12596,8551,19438,6374
Rugby,E07000220,173,62264,80523,69651,44842,198469,39278,19533,240632,10551,2112,3859,62076,32284,35048,24001,36165,18444
Runnymede,E07000212,155,24240,32391,26110,17334,83017,12580,4478,90405,5225,1987,2298,15778,10707,12896,9455,22735,9118
Rushcliffe,E07000176,203,18478,28237,20327,13468,68770,8767,2973,71413,5561,862,2454,12176,8490,9616,10095,19945,6331
Rushmoor,E07000092,219,25856,33672,31178,20423,93911,12779,4439,103481,4614,627,2384,14835,9411,13032,11861,35307,6105
Rutland,E06000017,65,23771,36543,22049,11444,80310,10099,3398,79365,9755,1868,2664,13947,12318,12838,9362,18493,7896
Ryedale,E07000167,67,8951,10333,10236,7849,31546,4532,1291,36243,365,251,452,5453,3729,5373,3834,10096,2198
Salford,E08000006,619,11069,12771,15859,12052,42031,7329,2391,50983,273,80,334,10369,5427,7033,4900,11793,3678
Sandwell,E08000028,963,57338,89327,54062,33206,183374,32849,17710,210669,9429,6541,7101,51175,26189,29161,23870,42103,16282
Scarborough,E07000168,188,82416,108692,70114,46841,236263,48087,23713,215330,59258,18357,14977,85040,34723,35543,25245,37151,24127
Sedgemoor,E07000188,177,22646,28926,31901,25320,83962,17588,7243,106067,1364,240,1085,23755,11781,14853,11027,20742,9244
Sefton,E08000014,781,26259,31887,32977,23465,91335,16930,6323,112592,735,140,989,23534,13815,16048,11103,20778,8644
Selby,E07000169,119,60683,78436,77660,57011,213184,40620,19986,266621,2719,796,3534,56921,31674,37522,28214,54490,17614
Sevenoaks,E07000111,275,19293,25388,24762,14006,68975,10654,3820,81919,493,212,667,14431,9535,11323,8731,17786,6329
Sheffield,E08000019,1204,27879,32843,32504,21667,97140,13180,4573,109638,2085,853,1926,17753,12708,15189,10267,29580,6984
Shepway,E07000112,364,136816,205206,124978,85698,442593,75733,34372,462186,44385,20082,25687,109841,55566,62097,71594,116007,36909
Shropshire,E06000051,539,68196,87596,87038,63299,249218,41475,15436,299562,3089,580,2586,56943,33158,42594,30749,69558,19977
Slough,E06000039,313,40379,58827,28175,12824,117620,16288,6297,63833,55697,12115,8340,21434,15673,14256,10790,27560,16932
Solihull,E08000029,550,49783,60447,56848,39596,168880,27056,10738,184174,13561,3239,5630,38035,22790,26933,19597,47783,12355
South Bucks,E07000246,180,15735,19251,18930,12951,57322,7025,2520,56109,7533,709,2260,8954,6395,7997,6034,19977,4844
South Cambridgeshire,E07000012,182,36201,47188,40664,24702,128188,15792,4775,138302,5540,1268,3160,18248,13275,17129,13472,47852,9366
South Derbyshire,E07000039,238,23289,30779,25916,14627,77625,12348,4638,90455,2375,425,1284,16707,10674,12617,9738,19701,6473
South Gloucestershire,E06000025,390,63990,85038,69330,44409,220816,30940,11011,249303,6440,2218,4535,39618,31661,35490,29111,56805,20152
South Hams,E07000044,45,16928,19849,26609,19754,67988,11075,4077,81739,458,121,777,12047,8433,11361,8456,23946,5625
South Holland,E07000140,177,18693,25349,24565,19663,68920,13968,5382,86270,747,257,896,22628,11195,12070,7354,11586,8521
South Kesteven,E07000141,271,30991,38703,38534,25560,109624,17767,6397,130316,1580,509,1305,23608,15098,18733,13474,27974,10198
South Lakeland,E07000031,264,20431,26572,31534,25121,84846,14117,4695,101926,787,183,726,16583,10532,13516,10377,29277,7492
South Norfolk,E07000149,217,28015,33936,35538,26523,101880,16575,5557,120798,1270,378,1383,22953,13799,17362,11687,27501,8415
South Northamptonshire,E07000155,129,20457,24616,25717,14399,72907,9378,2904,82561,1129,376,1112,11955,9609,11442,8559,21308,5751
South Oxfordshire,E07000179,204,32007,40949,36921,24380,115350,14409,4498,128858,2405,768,2091,17827,13133,16120,12936,39727,8489
South Ribble,E07000126,225,25046,34494,30105,19412,89220,14240,5597,105830,1612,268,1330,18136,12038,14825,12242,23537,8385
South Somerset,E07000189,162,36172,44944,45302,34825,131183,22282,7778,157982,1409,357,1347,29089,18212,22503,16481,33228,13112
South Staffordshire,E07000196,251,22979,30304,32343,22505,87422,14901,5808,103572,2122,578,1731,21699,12597,14973,11356,22707,7174
South Tyneside,E08000023,448,33459,45784,42031,26853,112206,23700,12221,142090,3311,420,2297,34189,17799,19806,14679,23514,12213
Southampton,E06000045,342,56751,100057,49298,30776,195533,29278,12071,203187,19892,5067,8395,40991,25287,27209,33882,48145,20020
Southend-on-Sea,E06000033,607,41089,58043,43728,30798,139270,24420,9968,158861,6440,3647,4548,34621,23075,24619,16055,30691,11560
Southwark,E09000028,419,66364,143243,56347,22329,244208,29935,14140,156086,27192,77511,27231,38384,22077,24045,24779,101172,24444
Spelthorne,E07000213,204,21753,31819,25346,16680,80168,11509,3921,83263,7295,1545,3303,15947,12546,12564,8882,20262,7888
St Albans,E07000240,320,36276,46582,36030,21776,122344,13802,4518,124215,9011,2388,4885,14268,11061,14763,11518,51251,7729
St Edmundsbury,E07000204,116,25501,35480,29037,20990,92199,14081,4728,106537,1824,902,1667,20277,13260,15616,10868,22278,8384
St. Helens,E08000013,503,40711,55160,48037,31400,134603,26198,14507,171808,1764,248,1419,39950,20522,23930,17408,29924,11638
Stafford,E07000197,320,28643,40490,36462,25274,106940,17316,6613,124189,3288,1107,2166,22150,13804,17192,14057,32887,8536
Staffordshire Moorlands,E07000198,268,20480,27298,28947,20381,76924,14432,5750,95790,502,120,659,21560,10406,13005,9943,19255,6937
Stevenage,E07000243,153,21568,29310,21207,11872,69467,10652,3838,73531,4848,2836,2675,14390,12065,11941,7889,14762,5819
Stockport,E08000007,654,66784,88149,77315,51027,229751,37601,15923,260761,13762,1958,6736,47430,30962,36785,27896,68506,18243
Stockton-on-Tees,E06000004,438,47571,62788,51300,29951,153093,26385,12132,181156,6632,1133,2546,36728,21465,26049,20952,35250,14059
Stoke-on-Trent,E06000021,716,61576,86997,61617,38818,190821,38179,20008,220529,18442,3741,6113,67773,28825,31875,23961,31041,17167
Stratford-on-Avon,E07000221,270,25727,32336,35842,26580,100060,15315,5110,117134,1466,264,1448,19345,11971,15619,11712,33396,7999
Stroud,E07000082,173,25955,31603,33244,21977,93490,14441,4848,110369,751,260,1342,16788,11898,14372,11257,30324,7612
Suffolk Coastal,E07000205,253,27617,31376,36500,28805,101613,17122,5563,119925,2032,556,1734,21592,13784,17078,11582,29678,8687
Sunderland,E08000024,775,62653,89508,76552,46793,207922,43951,23633,264212,7336,1273,2615,66036,35248,36935,27289,41337,20469
Surrey Heath,E07000214,228,20877,27094,23768,14405,74745,8613,2786,77530,5389,861,2202,10387,9356,11292,8478,23887,5902
Sutton,E09000029,455,47005,68295,47613,27233,160231,22127,7788,149256,22035,9120,9542,28330,21588,24423,18023,45775,14019
Swale,E07000113,401,34209,42312,36691,22623,108917,19118,7800,130425,1489,1395,1796,29703,17640,18442,12202,20535,10017
Swindon,E06000030,317,51213,76272,52817,28854,174522,25056,9578,187718,13365,2861,5032,34424,29257,29098,19526,38097,17372
Tameside,E08000008,641,53910,72946,58267,34201,170322,33009,15993,199391,14553,1784,3558,49547,28347,30600,21371,30994,15757
Tamworth,E07000199,193,19184,26089,20396,11144,62093,10314,4406,74752,763,393,896,16467,10713,10954,7682,10706,4945
Tandridge,E07000215,210,19976,24157,23510,15355,70430,9450,3118,77594,2164,882,2072,11467,8936,11701,8206,22063,4549
Taunton Deane,E07000190,181,25720,32517,29938,22012,89960,14854,5373,106923,1608,286,1177,18510,11674,16101,11068,25348,7408
Teignbridge,E07000045,105,26148,32083,36973,29016,99161,18237,6822,122045,893,117,1047,22353,14007,17189,12196,29014,8979
Telford and Wrekin,E06000020,242,43441,56080,43031,24089,133637,22609,10395,154249,6991,1779,3456,32612,20055,23731,17199,27713,11130
Tendring,E07000076,576,28896,33547,38332,37273,102486,25052,10510,134605,1275,434,1672,39616,17499,18751,11002,18340,10287
Test Valley,E07000093,221,27505,33759,33737,21397,98484,13530,4384,111492,2368,487,1898,17330,12841,15581,11768,28825,8069
Tewkesbury,E07000083,176,18099,24091,23244,16509,68219,10213,3511,79596,901,255,886,12667,9251,11230,8214,20329,5667
Thanet,E07000114,448,32497,37808,35468,28413,101749,22377,10060,128007,2504,910,2578,30784,16100,17833,12245,21284,10310
Three Rivers,E07000102,229,21654,27342,23615,14706,74140,9772,3405,75215,7993,1610,2420,12261,9218,11045,8037,23675,5583
Thurrock,E06000034,447,42038,57532,38114,20021,130800,19389,7516,135121,5927,12323,4026,32643,22396,21639,13483,21519,11727
Tonbridge and Malling,E07000115,244,31362,36525,32491,20427,101781,14263,4761,115522,2431,421,2081,19135,14401,16945,11646,25967,7727
Torbay,E06000027,149,27628,35534,36943,30854,99712,21355,9892,127662,1353,251,1656,28215,16398,18889,12905,22564,10319
Torridge,E07000046,44,13372,16162,19327,14978,50029,9843,3967,62967,271,51,496,13550,7599,9320,6434,11552,4866
Tower Hamlets,E09000030,500,62106,141220,35200,15570,211677,27062,15357,114644,104501,18629,16147,40719,18928,17734,20643,83675,22254
Trafford,E08000009,471,56504,74761,59040,36273,187190,27549,11839,193794,17973,6540,8231,33573,22490,28590,21078,61051,13972
Tunbridge Wells,E07000116,209,29159,36662,30153,19075,97812,12788,4449,108917,2903,638,2269,15620,11311,15148,11054,31687,6663
Uttlesford,E07000077,129,19967,22957,22944,13575,68229,8620,2594,76639,1122,417,1143,11232,8791,10919,7594,20251,4612
Vale of White Horse,E07000180,187,28922,37063,33242,21761,103855,13063,4070,114715,2962,1230,1972,16328,11559,14307,11281,36420,7972
Wakefield,E08000036,802,75981,105650,89064,55142,250208,50595,25034,310655,8498,2512,3870,82621,38778,42790,28205,48772,24631
Walsall,E08000030,880,70277,87787,65444,45815,208175,41653,19495,212182,41022,6369,9463,71839,31117,32616,23022,35989,18540
Waltham Forest,E09000031,543,67303,112635,52745,25566,213606,31133,13510,134430,54389,44791,24270,42262,24934,25845,20340,60914,28836
Wandsworth,E09000032,447,61168,164719,54197,26911,268133,27299,11563,219053,33338,32756,21685,29622,16903,21454,25485,137142,25383
Warrington,E06000007,514,48667,66918,54429,32214,166957,24446,10825,193926,4911,694,2631,33815,23846,27000,20593,44870,13353
Warwick,E07000222,242,30200,49799,34599,23050,116380,15719,5549,122674,9945,973,4015,18691,11539,14527,16392,43836,9066
Watford,E07000103,237,22766,36233,20151,11151,76653,9911,3737,64885,16170,5229,3956,12513,9501,10752,8361,23082,7484
Waveney,E07000206,249,25262,31328,31171,27493,89168,18541,7545,112498,959,369,1337,28447,13550,15490,11128,17052,9702
Waverley,E07000216,300,30313,34414,33023,23822,104845,12768,3959,116550,2283,538,2034,14790,10056,14737,11938,39125,6832
Wealden,E07000065,374,33439,37425,43909,34142,122876,19408,6631,144805,1719,343,1680,24347,16937,21218,14998,35360,9583
Wellingborough,E07000156,151,18504,24391,20127,12334,60820,10687,3849,65699,4463,2696,2409,15534,9661,9932,6544,12307,6370
Welwyn Hatfield,E07000241,246,27120,40643,25833,16939,93740,12427,4368,92781,8704,4989,3906,15550,11791,13544,14211,27123,8150
West Berkshire,E06000037,223,38629,48857,42710,23626,132501,16456,4865,145690,3808,1376,2784,21065,17378,19880,14916,39406,10086
West Devon,E07000047,30,11242,13376,16545,12390,43155,7646,2752,52709,300,59,464,9077,5767,7519,5306,13410,3573
West Dorset,E07000052,138,20308,23115,29563,26278,79710,14604,4950,97180,934,169,877,16801,10494,13761,9875,25691,6914
West Lancashire,E07000127,261,26342,32363,31105,20875,88901,14800,6984,108595,913,174,995,21296,12150,14318,12652,23000,7296
West Lindsey,E07000142,161,19934,23632,27055,18629,71368,13100,4782,87439,728,224,698,16963,10217,12217,8796,18642,6918
West Oxfordshire,E07000181,179,24175,32560,28782,19262,89422,11685,3672,101287,1424,437,1449,15054,11324,13461,10513,28076,6884
West Somerset,E07000191,32,6264,7909,10422,10080,26700,5741,2234,34214,192,20,235,7403,4066,4989,3189,7415,2782
Westminster,E09000033,358,41005,109102,44775,24514,184615,22027,12754,135254,31862,16472,35732,23943,12308,14497,17113,93946,25005
Weymouth and Portland,E07000053,68,14029,18875,18648,13615,51495,9802,3870,63432,640,321,726,12236,8094,9447,7102,12207,5220
Wigan,E08000010,907,75565,105596,85039,51649,248217,46797,22835,309042,3519,1678,3459,70486,39403,44174,31368,50374,22020
Wiltshire,E06000054,773,114045,141788,129660,85488,394680,57221,19080,454214,6178,3228,6604,70782,53242,65411,48130,112067,30381
Winchester,E07000094,190,28164,35162,31490,21779,100244,12354,3997,111314,2639,457,1922,13828,9163,13910,13260,38669,6280
Windsor and Maidenhead,E06000040,313,35155,47901,37427,24077,125373,14234,4953,124286,13848,1725,4482,18134,13448,16685,12933,44500,10200
Wirral,E08000015,896,75059,95000,88758,60966,250113,45687,23983,310079,5116,695,3816,61014,35570,44986,32688,65809,20431
Woking,E07000217,186,24179,35366,24810,14843,85651,10184,3363,82775,11462,1383,3427,12042,9471,11321,8940,30374,7037
Wokingham,E06000041,267,38809,49240,42542,23789,135567,14566,4247,136234,11438,2093,4324,16226,14460,18557,15313,49184,9270
Wolverhampton,E08000031,735,62952,87334,58555,40629,192431,39096,17943,169473,44960,17309,17519,62467,28187,29790,21199,39021,19383
Worcester,E07000237,175,23951,35927,24281,14609,81348,12625,4795,92181,4366,473,1635,17116,10235,11928,11644,22211,7157
Worthing,E07000229,208,23148,32796,27122,21574,84049,15082,5509,98037,3372,869,2263,18319,12320,14966,10774,22314,7278
Wychavon,E07000238,248,25162,31922,34845,25015,95853,15608,5483,113995,1129,228,1130,21458,12694,15170,11241,27870,8606
Wycombe,E07000007,326,43485,57409,43554,27196,147204,18456,5984,139374,20585,5934,5648,23780,17123,20734,16905,45899,12346
Wyre,E07000128,340,22561,27972,30591,26625,82825,17189,7735,105756,993,130,774,23409,12155,15052,10898,20793,8160
Wyre Forest,E07000239,249,21177,28896,27439,20463,77211,14881,5883,94898,1390,214,1098,22579,11553,13076,9258,17916,6808
York,E06000014,337,43834,72723,48079,33415,166111,23752,8188,186462,6740,1194,3386,29863,17636,23070,27590,53875,14241